Item,Foreign Key Violation Highlighting,Requires,Quantity Required,Relationship Type,Graphviz Line
Raw wood,Raw wood,Tree,,Demand,Raw_wood -> Tree;
Wood,Wood,Raw wood,,Demand,Wood -> Raw_wood;
Coal,Coal,,,Demand,Coal -> ;
Basic grenade,Basic grenade,Coal,,Demand,Basic_grenade -> Coal;
Poison capsule,Poison capsule,Coal,,Demand,Poison_capsule -> Coal;
Slowdown capsule,Slowdown capsule,Coal,,Demand,Slowdown_capsule -> Coal;
Plastic bar,Plastic bar,Coal,,Demand,Plastic_bar -> Coal;
Explosives,Explosives,Coal,,Demand,Explosives -> Coal;
Burner inserter,Burner inserter,Coal,,Demand,Burner_inserter -> Coal;
Boiler,Boiler,Coal,,Demand,Boiler -> Coal;
Stone Furnace,Stone Furnace,Coal,,Demand,Stone_Furnace -> Coal;
Steel Furnace,Steel Furnace,Coal,,Demand,Steel_Furnace -> Coal;
Burner Mining Drill,Burner Mining Drill,Coal,,Demand,Burner_Mining_Drill -> Coal;
Diesel Locomotive,Diesel Locomotive,Coal,,Demand,Diesel_Locomotive -> Coal;
Tank,Tank,Coal,,Demand,Tank -> Coal;
Car,Car,Coal,,Demand,Car -> Coal;
Iron ore,Iron ore,,,Demand,Iron_ore -> ;
Iron plate,Iron plate,Iron ore,,Demand,Iron_plate -> Iron_ore;
Concrete,Concrete,Iron ore,,Demand,Concrete -> Iron_ore;
Copper ore,Copper ore,,,Demand,Copper_ore -> ;
Copper plate,Copper plate,Copper ore,,Demand,Copper_plate -> Copper_ore;
Stone,Stone,,,Demand,Stone -> ;
Stone brick,Stone brick,Stone,,Demand,Stone_brick -> Stone;
Straight Rail,Straight Rail,Stone,,Demand,Straight_Rail -> Stone;
Curved Rail,Curved Rail,Stone,,Demand,Curved_Rail -> Stone;
Stone Furnace,Stone Furnace,Stone,,Demand,Stone_Furnace -> Stone;
Raw fish,Raw fish,,,Demand,Raw_fish -> ;
Alien artifact,Alien artifact,Alien spawners,,Demand,Alien_artifact -> Alien_spawners;
Water,Water,Lake,,Demand,Water -> Lake;
Crude Oil,Crude Oil,Oil field,,Demand,Crude_Oil -> Oil_field;
Wooden Chest,Wooden Chest,Wood,,Demand,Wooden_Chest -> Wood;
Small electric pole,Small electric pole,Wood,,Demand,Small_electric_pole -> Wood;
Shotgun,Shotgun,Wood,,Demand,Shotgun -> Wood;
Combat shotgun,Combat shotgun,Wood,,Demand,Combat_shotgun -> Wood;
Steel plate,Steel plate,Iron plate,,Demand,Steel_plate -> Iron_plate;
Iron stick,Iron stick,Iron plate,,Demand,Iron_stick -> Iron_plate;
Iron gear wheel,Iron gear wheel,Iron plate,,Demand,Iron_gear_wheel -> Iron_plate;
Electronic circuit,Electronic circuit,Iron plate,,Demand,Electronic_circuit -> Iron_plate;
Battery,Battery,Iron plate,,Demand,Battery -> Iron_plate;
Iron Chest,Iron Chest,Iron plate,,Demand,Iron_Chest -> Iron_plate;
Storage Tank,Storage Tank,Iron plate,,Demand,Storage_Tank -> Iron_plate;
Basic transport belt,Basic transport belt,Iron plate,,Demand,Basic_transport_belt -> Iron_plate;
Basic underground belt,Basic underground belt,Iron plate,,Demand,Basic_underground_belt -> Iron_plate;
Basic splitter,Basic splitter,Iron plate,,Demand,Basic_splitter -> Iron_plate;
Burner inserter,Burner inserter,Iron plate,,Demand,Burner_inserter -> Iron_plate;
Inserter,Inserter,Iron plate,,Demand,Inserter -> Iron_plate;
Long handed inserter,Long handed inserter,Iron plate,,Demand,Long_handed_inserter -> Iron_plate;
Fast inserter,Fast inserter,Iron plate,,Demand,Fast_inserter -> Iron_plate;
Pipe,Pipe,Iron plate,,Demand,Pipe -> Iron_plate;
Pipe-to-ground,Pipe-to-ground,Iron plate,,Demand,Pipe-to-ground -> Iron_plate;
Train stop,Train stop,Iron plate,,Demand,Train_stop -> Iron_plate;
Rail signal,Rail signal,Iron plate,,Demand,Rail_signal -> Iron_plate;
Rail chain signal,Rail chain signal,Iron plate,,Demand,Rail_chain_signal -> Iron_plate;
Cargo wagon,Cargo wagon,Iron plate,,Demand,Cargo_wagon -> Iron_plate;
Car,Car,Iron plate,,Demand,Car -> Iron_plate;
Iron Axe,Iron Axe,Iron plate,,Demand,Iron_Axe -> Iron_plate;
Steam engine,Steam engine,Iron plate,,Demand,Steam_engine -> Iron_plate;
Lamp,Lamp,Iron plate,,Demand,Lamp -> Iron_plate;
Basic accumulator,Basic accumulator,Iron plate,,Demand,Basic_accumulator -> Iron_plate;
Burner Mining Drill,Burner Mining Drill,Iron plate,,Demand,Burner_Mining_Drill -> Iron_plate;
Electric Mining Drill,Electric Mining Drill,Iron plate,,Demand,Electric_Mining_Drill -> Iron_plate;
Assembling machine 1,Assembling machine 1,Iron plate,,Demand,Assembling_machine_1 -> Iron_plate;
Assembling machine 2,Assembling machine 2,Iron plate,,Demand,Assembling_machine_2 -> Iron_plate;
Pistol,Pistol,Iron plate,,Demand,Pistol -> Iron_plate;
Submachine gun,Submachine gun,Iron plate,,Demand,Submachine_gun -> Iron_plate;
Shotgun,Shotgun,Iron plate,,Demand,Shotgun -> Iron_plate;
Combat shotgun,Combat shotgun,Iron plate,,Demand,Combat_shotgun -> Iron_plate;
Regular magazine,Regular magazine,Iron plate,,Demand,Regular_magazine -> Iron_plate;
Shotgun shells,Shotgun shells,Iron plate,,Demand,Shotgun_shells -> Iron_plate;
Rocket,Rocket,Iron plate,,Demand,Rocket -> Iron_plate;
Flamethrower ammo,Flamethrower ammo,Iron plate,,Demand,Flamethrower_ammo -> Iron_plate;
Basic grenade,Basic grenade,Iron plate,,Demand,Basic_grenade -> Iron_plate;
Iron armor,Iron armor,Iron plate,,Demand,Iron_armor -> Iron_plate;
Gun turret,Gun turret,Iron plate,,Demand,Gun_turret -> Iron_plate;
Radar,Radar,Iron plate,,Demand,Radar -> Iron_plate;
Copper cable,Copper cable,Copper plate,,Demand,Copper_cable -> Copper_plate;
Battery,Battery,Copper plate,,Demand,Battery -> Copper_plate;
Science pack 1,Science pack 1,Copper plate,,Demand,Science_pack_1 -> Copper_plate;
Medium electric pole,Medium electric pole,Copper plate,,Demand,Medium_electric_pole -> Copper_plate;
Big electric pole,Big electric pole,Copper plate,,Demand,Big_electric_pole -> Copper_plate;
Substation,Substation,Copper plate,,Demand,Substation -> Copper_plate;
Solar Panel,Solar Panel,Copper plate,,Demand,Solar_Panel -> Copper_plate;
Low density structure,Low density structure,Copper plate,,Demand,Low_density_structure -> Copper_plate;
Pistol,Pistol,Copper plate,,Demand,Pistol -> Copper_plate;
Submachine gun,Submachine gun,Copper plate,,Demand,Submachine_gun -> Copper_plate;
Shotgun,Shotgun,Copper plate,,Demand,Shotgun -> Copper_plate;
Combat shotgun,Combat shotgun,Copper plate,,Demand,Combat_shotgun -> Copper_plate;
Regular magazine,Regular magazine,Copper plate,,Demand,Regular_magazine -> Copper_plate;
Shotgun shells,Shotgun shells,Copper plate,,Demand,Shotgun_shells -> Copper_plate;
Piercing shotgun shells,Piercing shotgun shells,Copper plate,,Demand,Piercing_shotgun_shells -> Copper_plate;
Heavy armor,Heavy armor,Copper plate,,Demand,Heavy_armor -> Copper_plate;
Gun turret,Gun turret,Copper plate,,Demand,Gun_turret -> Copper_plate;
Steel Chest,Steel Chest,Steel plate,,Demand,Steel_Chest -> Steel_plate;
Storage Tank,Storage Tank,Steel plate,,Demand,Storage_Tank -> Steel_plate;
Medium electric pole,Medium electric pole,Steel plate,,Demand,Medium_electric_pole -> Steel_plate;
Big electric pole,Big electric pole,Steel plate,,Demand,Big_electric_pole -> Steel_plate;
Substation,Substation,Steel plate,,Demand,Substation -> Steel_plate;
Small Pump,Small Pump,Steel plate,,Demand,Small_Pump -> Steel_plate;
Straight Rail,Straight Rail,Steel plate,,Demand,Straight_Rail -> Steel_plate;
Curved Rail,Curved Rail,Steel plate,,Demand,Curved_Rail -> Steel_plate;
Train stop,Train stop,Steel plate,,Demand,Train_stop -> Steel_plate;
Diesel Locomotive,Diesel Locomotive,Steel plate,,Demand,Diesel_Locomotive -> Steel_plate;
Cargo wagon,Cargo wagon,Steel plate,,Demand,Cargo_wagon -> Steel_plate;
Car,Car,Steel plate,,Demand,Car -> Steel_plate;
Tank,Tank,Steel plate,,Demand,Tank -> Steel_plate;
Roboport,Roboport,Steel plate,,Demand,Roboport -> Steel_plate;
Steel Axe,Steel Axe,Steel plate,,Demand,Steel_Axe -> Steel_plate;
Solar Panel,Solar Panel,Steel plate,,Demand,Solar_Panel -> Steel_plate;
Pumpjack,Pumpjack,Steel plate,,Demand,Pumpjack -> Steel_plate;
Basic Beacon,Basic Beacon,Steel plate,,Demand,Basic_Beacon -> Steel_plate;
Steel Furnace,Steel Furnace,Steel plate,,Demand,Steel_Furnace -> Steel_plate;
Electric Furnace,Electric Furnace,Steel plate,,Demand,Electric_Furnace -> Steel_plate;
Oil Refinery,Oil Refinery,Steel plate,,Demand,Oil_Refinery -> Steel_plate;
Chemical Plant,Chemical Plant,Steel plate,,Demand,Chemical_Plant -> Steel_plate;
Empty barrel,Empty barrel,Steel plate,,Demand,Empty_barrel -> Steel_plate;
Engine unit,Engine unit,Steel plate,,Demand,Engine_unit -> Steel_plate;
Flying robot frame,Flying robot frame,Steel plate,,Demand,Flying_robot_frame -> Steel_plate;
Low density structure,Low density structure,Steel plate,,Demand,Low_density_structure -> Steel_plate;
Science pack 3,Science pack 3,Steel plate,,Demand,Science_pack_3 -> Steel_plate;
Combat shotgun,Combat shotgun,Steel plate,,Demand,Combat_shotgun -> Steel_plate;
Flamethrower,Flamethrower,Steel plate,,Demand,Flamethrower -> Steel_plate;
Land mine,Land mine,Steel plate,,Demand,Land_mine -> Steel_plate;
Regular magazine,Regular magazine,Steel plate,,Demand,Regular_magazine -> Steel_plate;
Piercing shotgun shells,Piercing shotgun shells,Steel plate,,Demand,Piercing_shotgun_shells -> Steel_plate;
Cannon shells,Cannon shells,Steel plate,,Demand,Cannon_shells -> Steel_plate;
Explosive cannon shells,Explosive cannon shells,Steel plate,,Demand,Explosive_cannon_shells -> Steel_plate;
Poison capsule,Poison capsule,Steel plate,,Demand,Poison_capsule -> Steel_plate;
Slowdown capsule,Slowdown capsule,Steel plate,,Demand,Slowdown_capsule -> Steel_plate;
Heavy armor,Heavy armor,Steel plate,,Demand,Heavy_armor -> Steel_plate;
Basic modular armor,Basic modular armor,Steel plate,,Demand,Basic_modular_armor -> Steel_plate;
Power armor,Power armor,Steel plate,,Demand,Power_armor -> Steel_plate;
Power armor MK2,Power armor MK2,Steel plate,,Demand,Power_armor_MK2 -> Steel_plate;
Portable solar panel,Portable solar panel,Steel plate,,Demand,Portable_solar_panel -> Steel_plate;
Energy shield,Energy shield,Steel plate,,Demand,Energy_shield -> Steel_plate;
Battery,Battery,Steel plate,,Demand,Battery -> Steel_plate;
Personal laser defense,Personal laser defense,Steel plate,,Demand,Personal_laser_defense -> Steel_plate;
Discharge defense,Discharge defense,Steel plate,,Demand,Discharge_defense -> Steel_plate;
Basic exoskeleton equipment,Basic exoskeleton equipment,Steel plate,,Demand,Basic_exoskeleton_equipment -> Steel_plate;
Personal roboport,Personal roboport,Steel plate,,Demand,Personal_roboport -> Steel_plate;
Night vision,Night vision,Steel plate,,Demand,Night_vision -> Steel_plate;
Gate,Gate,Steel plate,,Demand,Gate -> Steel_plate;
Laser turret,Laser turret,Steel plate,,Demand,Laser_turret -> Steel_plate;
Rocket Silo,Rocket Silo,Steel plate,,Demand,Rocket_Silo -> Steel_plate;
Concrete,Concrete,Stone brick,,Demand,Concrete -> Stone_brick;
Steel Furnace,Steel Furnace,Stone brick,,Demand,Steel_Furnace -> Stone_brick;
Electric Furnace,Electric Furnace,Stone brick,,Demand,Electric_Furnace -> Stone_brick;
Oil Refinery,Oil Refinery,Stone brick,,Demand,Oil_Refinery -> Stone_brick;
Wall,Wall,Stone brick,,Demand,Wall -> Stone_brick;
Sulfuric Acid,Sulfuric Acid,Sulfur,,Demand,Sulfuric_Acid -> Sulfur;
Explosives,Explosives,Sulfur,,Demand,Explosives -> Sulfur;
Advanced circuit,Advanced circuit,Plastic bar,,Demand,Advanced_circuit -> Plastic_bar;
Low density structure,Low density structure,Plastic bar,,Demand,Low_density_structure -> Plastic_bar;
Cannon shells,Cannon shells,Plastic bar,,Demand,Cannon_shells -> Plastic_bar;
Explosive cannon shells,Explosive cannon shells,Plastic bar,,Demand,Explosive_cannon_shells -> Plastic_bar;
Basic accumulator,Basic accumulator,Battery,,Demand,Basic_accumulator -> Battery;
Flying robot frame,Flying robot frame,Battery,,Demand,Flying_robot_frame -> Battery;
Science pack 3,Science pack 3,Battery,,Demand,Science_pack_3 -> Battery;
Battery MK1,Battery MK1,Battery,,Demand,Battery_MK1 -> Battery;
Personal roboport,Personal roboport,Battery,,Demand,Personal_roboport -> Battery;
Laser turret,Laser turret,Battery,,Demand,Laser_turret -> Battery;
Iron Axe,Iron Axe,Iron stick,,Demand,Iron_Axe -> Iron_stick;
Steel Axe,Steel Axe,Iron stick,,Demand,Steel_Axe -> Iron_stick;
Lamp,Lamp,Iron stick,,Demand,Lamp -> Iron_stick;
Straight Rail,Straight Rail,Iron stick,,Demand,Straight_Rail -> Iron_stick;
Curved Rail,Curved Rail,Iron stick,,Demand,Curved_Rail -> Iron_stick;
Science pack 1,Science pack 1,Iron gear wheel,,Demand,Science_pack_1 -> Iron_gear_wheel;
Basic transport belt,Basic transport belt,Iron gear wheel,,Demand,Basic_transport_belt -> Iron_gear_wheel;
Fast transport belt,Fast transport belt,Iron gear wheel,,Demand,Fast_transport_belt -> Iron_gear_wheel;
Express transport belt,Express transport belt,Iron gear wheel,,Demand,Express_transport_belt -> Iron_gear_wheel;
Fast underground belt,Fast underground belt,Iron gear wheel,,Demand,Fast_underground_belt -> Iron_gear_wheel;
Express underground belt,Express underground belt,Iron gear wheel,,Demand,Express_underground_belt -> Iron_gear_wheel;
Fast splitter,Fast splitter,Iron gear wheel,,Demand,Fast_splitter -> Iron_gear_wheel;
Express splitter,Express splitter,Iron gear wheel,,Demand,Express_splitter -> Iron_gear_wheel;
Burner inserter,Burner inserter,Iron gear wheel,,Demand,Burner_inserter -> Iron_gear_wheel;
Inserter,Inserter,Iron gear wheel,,Demand,Inserter -> Iron_gear_wheel;
Long handed inserter,Long handed inserter,Iron gear wheel,,Demand,Long_handed_inserter -> Iron_gear_wheel;
Engine unit,Engine unit,Iron gear wheel,,Demand,Engine_unit -> Iron_gear_wheel;
Cargo wagon,Cargo wagon,Iron gear wheel,,Demand,Cargo_wagon -> Iron_gear_wheel;
Tank,Tank,Iron gear wheel,,Demand,Tank -> Iron_gear_wheel;
Roboport,Roboport,Iron gear wheel,,Demand,Roboport -> Iron_gear_wheel;
Repair Pack,Repair Pack,Iron gear wheel,,Demand,Repair_Pack -> Iron_gear_wheel;
Steam engine,Steam engine,Iron gear wheel,,Demand,Steam_engine -> Iron_gear_wheel;
Burner Mining Drill,Burner Mining Drill,Iron gear wheel,,Demand,Burner_Mining_Drill -> Iron_gear_wheel;
Electric Mining Drill,Electric Mining Drill,Iron gear wheel,,Demand,Electric_Mining_Drill -> Iron_gear_wheel;
Offshore Pump,Offshore Pump,Iron gear wheel,,Demand,Offshore_Pump -> Iron_gear_wheel;
Pumpjack,Pumpjack,Iron gear wheel,,Demand,Pumpjack -> Iron_gear_wheel;
Assembling machine 1,Assembling machine 1,Iron gear wheel,,Demand,Assembling_machine_1 -> Iron_gear_wheel;
Assembling machine 2,Assembling machine 2,Iron gear wheel,,Demand,Assembling_machine_2 -> Iron_gear_wheel;
Oil Refinery,Oil Refinery,Iron gear wheel,,Demand,Oil_Refinery -> Iron_gear_wheel;
Chemical Plant,Chemical Plant,Iron gear wheel,,Demand,Chemical_Plant -> Iron_gear_wheel;
Lab,Lab,Iron gear wheel,,Demand,Lab -> Iron_gear_wheel;
Submachine gun,Submachine gun,Iron gear wheel,,Demand,Submachine_gun -> Iron_gear_wheel;
Shotgun,Shotgun,Iron gear wheel,,Demand,Shotgun -> Iron_gear_wheel;
Combat shotgun,Combat shotgun,Iron gear wheel,,Demand,Combat_shotgun -> Iron_gear_wheel;
Rocket launcher,Rocket launcher,Iron gear wheel,,Demand,Rocket_launcher -> Iron_gear_wheel;
Flamethrower,Flamethrower,Iron gear wheel,,Demand,Flamethrower -> Iron_gear_wheel;
Defender capsule,Defender capsule,Iron gear wheel,,Demand,Defender_capsule -> Iron_gear_wheel;
Personal roboport,Personal roboport,Iron gear wheel,,Demand,Personal_roboport -> Iron_gear_wheel;
Gun turret,Gun turret,Iron gear wheel,,Demand,Gun_turret -> Iron_gear_wheel;
Radar,Radar,Iron gear wheel,,Demand,Radar -> Iron_gear_wheel;
Red wire,Red wire,Copper cable,,Demand,Red_wire -> Copper_cable;
Green wire,Green wire,Copper cable,,Demand,Green_wire -> Copper_cable;
Electronic circuit,Electronic circuit,Copper cable,,Demand,Electronic_circuit -> Copper_cable;
Advanced circuit,Advanced circuit,Copper cable,,Demand,Advanced_circuit -> Copper_cable;
Small electric pole,Small electric pole,Copper cable,,Demand,Small_electric_pole -> Copper_cable;
Arithmetic Combinator,Arithmetic Combinator,Copper cable,,Demand,Arithmetic_Combinator -> Copper_cable;
Decider Combinator,Decider Combinator,Copper cable,,Demand,Decider_Combinator -> Copper_cable;
Constant Combinator,Constant Combinator,Copper cable,,Demand,Constant_Combinator -> Copper_cable;
Advanced circuit,Advanced circuit,Electronic circuit,,Demand,Advanced_circuit -> Electronic_circuit;
Processing Unit,Processing Unit,Electronic circuit,,Demand,Processing_Unit -> Electronic_circuit;
Smart Chest,Smart Chest,Electronic circuit,,Demand,Smart_Chest -> Electronic_circuit;
Basic splitter,Basic splitter,Electronic circuit,,Demand,Basic_splitter -> Electronic_circuit;
Fast splitter,Fast splitter,Electronic circuit,,Demand,Fast_splitter -> Electronic_circuit;
Inserter,Inserter,Electronic circuit,,Demand,Inserter -> Electronic_circuit;
Fast inserter,Fast inserter,Electronic circuit,,Demand,Fast_inserter -> Electronic_circuit;
Smart inserter,Smart inserter,Electronic circuit,,Demand,Smart_inserter -> Electronic_circuit;
Train stop,Train stop,Electronic circuit,,Demand,Train_stop -> Electronic_circuit;
Rail signal,Rail signal,Electronic circuit,,Demand,Rail_signal -> Electronic_circuit;
Rail chain signal,Rail chain signal,Electronic circuit,,Demand,Rail_chain_signal -> Electronic_circuit;
Diesel Locomotive,Diesel Locomotive,Electronic circuit,,Demand,Diesel_Locomotive -> Electronic_circuit;
Construction robot,Construction robot,Electronic circuit,,Demand,Construction_robot -> Electronic_circuit;
Red wire,Red wire,Electronic circuit,,Demand,Red_wire -> Electronic_circuit;
Green wire,Green wire,Electronic circuit,,Demand,Green_wire -> Electronic_circuit;
Arithmetic Combinator,Arithmetic Combinator,Electronic circuit,,Demand,Arithmetic_Combinator -> Electronic_circuit;
Decider Combinator,Decider Combinator,Electronic circuit,,Demand,Decider_Combinator -> Electronic_circuit;
Constant Combinator,Constant Combinator,Electronic circuit,,Demand,Constant_Combinator -> Electronic_circuit;
Repair Pack,Repair Pack,Electronic circuit,,Demand,Repair_Pack -> Electronic_circuit;
Lamp,Lamp,Electronic circuit,,Demand,Lamp -> Electronic_circuit;
Solar Panel,Solar Panel,Electronic circuit,,Demand,Solar_Panel -> Electronic_circuit;
Offshore Pump,Offshore Pump,Electronic circuit,,Demand,Offshore_Pump -> Electronic_circuit;
Pumpjack,Pumpjack,Electronic circuit,,Demand,Pumpjack -> Electronic_circuit;
Assembling machine 1,Assembling machine 1,Electronic circuit,,Demand,Assembling_machine_1 -> Electronic_circuit;
Assembling machine 2,Assembling machine 2,Electronic circuit,,Demand,Assembling_machine_2 -> Electronic_circuit;
Oil Refinery,Oil Refinery,Electronic circuit,,Demand,Oil_Refinery -> Electronic_circuit;
Chemical Plant,Chemical Plant,Electronic circuit,,Demand,Chemical_Plant -> Electronic_circuit;
Lab,Lab,Electronic circuit,,Demand,Lab -> Electronic_circuit;
Basic Beacon,Basic Beacon,Electronic circuit,,Demand,Basic_Beacon -> Electronic_circuit;
Speed module,Speed module,Electronic circuit,,Demand,Speed_module -> Electronic_circuit;
Efficiency module,Efficiency module,Electronic circuit,,Demand,Efficiency_module -> Electronic_circuit;
Productivity module,Productivity module,Electronic circuit,,Demand,Productivity_module -> Electronic_circuit;
Electric engine unit,Electric engine unit,Electronic circuit,,Demand,Electric_engine_unit -> Electronic_circuit;
Flying robot frame,Flying robot frame,Electronic circuit,,Demand,Flying_robot_frame -> Electronic_circuit;
Rocket launcher,Rocket launcher,Electronic circuit,,Demand,Rocket_launcher -> Electronic_circuit;
Rocket,Rocket,Electronic circuit,,Demand,Rocket -> Electronic_circuit;
Poison capsule,Poison capsule,Electronic circuit,,Demand,Poison_capsule -> Electronic_circuit;
Slowdown capsule,Slowdown capsule,Electronic circuit,,Demand,Slowdown_capsule -> Electronic_circuit;
Defender capsule,Defender capsule,Electronic circuit,,Demand,Defender_capsule -> Electronic_circuit;
Basic electric discharge defense remote,Basic electric discharge defense remote,Electronic circuit,,Demand,Basic_electric_discharge_defense_remote -> Electronic_circuit;
Gate,Gate,Electronic circuit,,Demand,Gate -> Electronic_circuit;
Laser turret,Laser turret,Electronic circuit,,Demand,Laser_turret -> Electronic_circuit;
Radar,Radar,Electronic circuit,,Demand,Radar -> Electronic_circuit;
Express splitter,Express splitter,Advanced circuit,,Demand,Express_splitter -> Advanced_circuit;
Substation,Substation,Advanced circuit,,Demand,Substation -> Advanced_circuit;
Tank,Tank,Advanced circuit,,Demand,Tank -> Advanced_circuit;
Logistic robot,Logistic robot,Advanced circuit,,Demand,Logistic_robot -> Advanced_circuit;
Active Provider Chest,Active Provider Chest,Advanced circuit,,Demand,Active_Provider_Chest -> Advanced_circuit;
Passive Provider Chest,Passive Provider Chest,Advanced circuit,,Demand,Passive_Provider_Chest -> Advanced_circuit;
Requester Chest,Requester Chest,Advanced circuit,,Demand,Requester_Chest -> Advanced_circuit;
Storage Chest,Storage Chest,Advanced circuit,,Demand,Storage_Chest -> Advanced_circuit;
Roboport,Roboport,Advanced circuit,,Demand,Roboport -> Advanced_circuit;
Blueprint,Blueprint,Advanced circuit,,Demand,Blueprint -> Advanced_circuit;
Deconstruction planner,Deconstruction planner,Advanced circuit,,Demand,Deconstruction_planner -> Advanced_circuit;
Electric Furnace,Electric Furnace,Advanced circuit,,Demand,Electric_Furnace -> Advanced_circuit;
Basic Beacon,Basic Beacon,Advanced circuit,,Demand,Basic_Beacon -> Advanced_circuit;
Speed module,Speed module,Advanced circuit,,Demand,Speed_module -> Advanced_circuit;
Speed module 2,Speed module 2,Advanced circuit,,Demand,Speed_module_2 -> Advanced_circuit;
Speed module 3,Speed module 3,Advanced circuit,,Demand,Speed_module_3 -> Advanced_circuit;
Efficiency module,Efficiency module,Advanced circuit,,Demand,Efficiency_module -> Advanced_circuit;
Efficiency module 2,Efficiency module 2,Advanced circuit,,Demand,Efficiency_module_2 -> Advanced_circuit;
Efficiency module 3,Efficiency module 3,Advanced circuit,,Demand,Efficiency_module_3 -> Advanced_circuit;
Productivity module,Productivity module,Advanced circuit,,Demand,Productivity_module -> Advanced_circuit;
Productivity module 2,Productivity module 2,Advanced circuit,,Demand,Productivity_module_2 -> Advanced_circuit;
Productivity module 3,Productivity module 3,Advanced circuit,,Demand,Productivity_module_3 -> Advanced_circuit;
Processing Unit,Processing Unit,Advanced circuit,,Demand,Processing_Unit -> Advanced_circuit;
Science pack 3,Science pack 3,Advanced circuit,,Demand,Science_pack_3 -> Advanced_circuit;
Distractor capsule,Distractor capsule,Advanced circuit,,Demand,Distractor_capsule -> Advanced_circuit;
Basic modular armor,Basic modular armor,Advanced circuit,,Demand,Basic_modular_armor -> Advanced_circuit;
Energy shield,Energy shield,Advanced circuit,,Demand,Energy_shield -> Advanced_circuit;
Night vision,Night vision,Advanced circuit,,Demand,Night_vision -> Advanced_circuit;
Speed module 2,Speed module 2,Processing Unit,,Demand,Speed_module_2 -> Processing_Unit;
Speed module 3,Speed module 3,Processing Unit,,Demand,Speed_module_3 -> Processing_Unit;
Efficiency module 2,Efficiency module 2,Processing Unit,,Demand,Efficiency_module_2 -> Processing_Unit;
Efficiency module 3,Efficiency module 3,Processing Unit,,Demand,Efficiency_module_3 -> Processing_Unit;
Productivity module 2,Productivity module 2,Processing Unit,,Demand,Productivity_module_2 -> Processing_Unit;
Productivity module 3,Productivity module 3,Processing Unit,,Demand,Productivity_module_3 -> Processing_Unit;
Rocket control unit,Rocket control unit,Processing Unit,,Demand,Rocket_control_unit -> Processing_Unit;
Satellite,Satellite,Processing Unit,,Demand,Satellite -> Processing_Unit;
Basic modular armor,Basic modular armor,Processing Unit,,Demand,Basic_modular_armor -> Processing_Unit;
Power armor,Power armor,Processing Unit,,Demand,Power_armor -> Processing_Unit;
Power armor MK2,Power armor MK2,Processing Unit,,Demand,Power_armor_MK2 -> Processing_Unit;
Portable solar panel,Portable solar panel,Processing Unit,,Demand,Portable_solar_panel -> Processing_Unit;
Portable fusion reactor,Portable fusion reactor,Processing Unit,,Demand,Portable_fusion_reactor -> Processing_Unit;
Energy shield MK2,Energy shield MK2,Processing Unit,,Demand,Energy_shield_MK2 -> Processing_Unit;
Battery MK2,Battery MK2,Processing Unit,,Demand,Battery_MK2 -> Processing_Unit;
Personal laser defense,Personal laser defense,Processing Unit,,Demand,Personal_laser_defense -> Processing_Unit;
Discharge defense,Discharge defense,Processing Unit,,Demand,Discharge_defense -> Processing_Unit;
Basic exoskeleton equipment,Basic exoskeleton equipment,Processing Unit,,Demand,Basic_exoskeleton_equipment -> Processing_Unit;
Personal laser defense,Personal laser defense,Processing Unit,,Demand,Personal_laser_defense -> Processing_Unit;
Rocket Silo,Rocket Silo,Processing Unit,,Demand,Rocket_Silo -> Processing_Unit;
Electric engine unit,Electric engine unit,Engine unit,,Demand,Electric_engine_unit -> Engine_unit;
Diesel Locomotive,Diesel Locomotive,Engine unit,,Demand,Diesel_Locomotive -> Engine_unit;
Car,Car,Engine unit,,Demand,Car -> Engine_unit;
Tank,Tank,Engine unit,,Demand,Tank -> Engine_unit;
Small Pump,Small Pump,Electric engine unit,,Demand,Small_Pump -> Electric_engine_unit;
Flying robot frame,Flying robot frame,Electric engine unit,,Demand,Flying_robot_frame -> Electric_engine_unit;
Power armor,Power armor,Electric engine unit,,Demand,Power_armor -> Electric_engine_unit;
Basic exoskeleton equipment,Basic exoskeleton equipment,Electric engine unit,,Demand,Basic_exoskeleton_equipment -> Electric_engine_unit;
Rocket Silo,Rocket Silo,Electric engine unit,,Demand,Rocket_Silo -> Electric_engine_unit;
Logistic robot,Logistic robot,Flying robot frame,,Demand,Logistic_robot -> Flying_robot_frame;
Construction robot,Construction robot,Flying robot frame,,Demand,Construction_robot -> Flying_robot_frame;
Lab,Lab,Science pack 1,,Demand,Lab -> Science_pack_1;
Lab,Lab,Science pack 2,,Demand,Lab -> Science_pack_2;
Lab,Lab,Science pack 3,,Demand,Lab -> Science_pack_3;
Lab,Lab,Alien science pack,,Demand,Lab -> Alien_science_pack;
Fill Empty Barrel,ERR,Empty barrel,,Demand,Fill_Empty_Barrel -> Empty_barrel;
Land mine,Land mine,Explosives,,Demand,Land_mine -> Explosives;
Cannon shells,Cannon shells,Explosives,,Demand,Cannon_shells -> Explosives;
Explosive cannon shells,Explosive cannon shells,Explosives,,Demand,Explosive_cannon_shells -> Explosives;
Rocket,Rocket,Explosives,,Demand,Rocket -> Explosives;
Explosive rocket,Explosive rocket,Explosives,,Demand,Explosive_rocket -> Explosives;
Sulfur,Sulfur,Petroleum Gas,,Demand,Sulfur -> Petroleum_Gas;
Plastic bar,Plastic bar,Petroleum Gas,,Demand,Plastic_bar -> Petroleum_Gas;
Solid Fuel,ERR,Petroleum Gas,,Demand,Solid_Fuel -> Petroleum_Gas;
Petroleum Gas,Petroleum Gas,Light Oil,,Demand,Petroleum_Gas -> Light_Oil;
Flamethrower ammo,Flamethrower ammo,Light Oil,,Demand,Flamethrower_ammo -> Light_Oil;
Solid Fuel,ERR,Light Oil,,Demand,Solid_Fuel -> Light_Oil;
Lubricant,Lubricant,Heavy Oil,,Demand,Lubricant -> Heavy_Oil;
Light Oil,Light Oil,Heavy Oil,,Demand,Light_Oil -> Heavy_Oil;
Flamethrower ammo,Flamethrower ammo,Heavy Oil,,Demand,Flamethrower_ammo -> Heavy_Oil;
Solid Fuel,ERR,Heavy Oil,,Demand,Solid_Fuel -> Heavy_Oil;
Processing Unit,Processing Unit,Sulfuric Acid,,Demand,Processing_Unit -> Sulfuric_Acid;
Battery,Battery,Sulfuric Acid,,Demand,Battery -> Sulfuric_Acid;
Express transport belt,Express transport belt,Lubricant,,Demand,Express_transport_belt -> Lubricant;
Express splitter,Express splitter,Lubricant,,Demand,Express_splitter -> Lubricant;
Electric engine unit,Electric engine unit,Lubricant,,Demand,Electric_engine_unit -> Lubricant;
Destroyer capsule,Destroyer capsule,Defender capsule,,Demand,Destroyer_capsule -> Defender_capsule;
Destroyer capsule,Destroyer capsule,Distractor capsule,,Demand,Destroyer_capsule -> Distractor_capsule;
Defender capsule,Defender capsule,Piercing rounds magazine,,Demand,Defender_capsule -> Piercing_rounds_magazine;
Explosive rocket,Explosive rocket,Rocket,,Demand,Explosive_rocket -> Rocket;
Efficiency module 2,Efficiency module 2,Efficiency module,,Demand,Efficiency_module_2 -> Efficiency_module;
Productivity module 2,Productivity module 2,Productivity module,,Demand,Productivity_module_2 -> Productivity_module;
Speed module 2,Speed module 2,Speed module,,Demand,Speed_module_2 -> Speed_module;
Efficiency module 3,Efficiency module 3,Efficiency module 2,,Demand,Efficiency_module_3 -> Efficiency_module_2;
Productivity module 3,Productivity module 3,Productivity module 2,,Demand,Productivity_module_3 -> Productivity_module_2;
Speed module 3,Speed module 3,Speed module 2,,Demand,Speed_module_3 -> Speed_module_2;
Assembling machine 1,Assembling machine 1,Basic transport belt,,,Assembling_machine_1 -> Basic_transport_belt;
Assembling machine 2,Assembling machine 2,Basic transport belt,,,Assembling_machine_2 -> Basic_transport_belt;
Assembling machine 3,Assembling machine 3,Basic transport belt,,,Assembling_machine_3 -> Basic_transport_belt;
Basic underground belt,Basic underground belt,,,Demand,Basic_underground_belt -> ;
Basic splitter,Basic splitter,,,Demand,Basic_splitter -> ;
Fast transport belt,Fast transport belt,,,Demand,Fast_transport_belt -> ;
Fast underground belt,Fast underground belt,,,Demand,Fast_underground_belt -> ;
Fast splitter,Fast splitter,,,Demand,Fast_splitter -> ;
Express transport belt,Express transport belt,,,Demand,Express_transport_belt -> ;
Express underground belt,Express underground belt,,,Demand,Express_underground_belt -> ;
Express splitter,Express splitter,,,Demand,Express_splitter -> ;
Long handed inserter,Long handed inserter,Inserter,,,Long_handed_inserter -> Inserter;
Fast inserter,Fast inserter,Inserter,,,Fast_inserter -> Inserter;
Smart inserter,Smart inserter,Fast inserter,,Demand,Smart_inserter -> Fast_inserter;
Smart inserter,Smart inserter,,,Demand,Smart_inserter -> ;
Smart Chest,Smart Chest,Steel Chest,,Demand,Smart_Chest -> Steel_Chest;
Active Provider Chest,Active Provider Chest,Smart Chest,,,Active_Provider_Chest -> Smart_Chest;
Passive Provider Chest,Passive Provider Chest,Smart Chest,,,Passive_Provider_Chest -> Smart_Chest;
Requester Chest,Requester Chest,Smart Chest,,,Requester_Chest -> Smart_Chest;
Storage Chest,Storage Chest,Smart Chest,,,Storage_Chest -> Smart_Chest;
Wall,Wall,,,Demand,Wall -> ;
Gun turret,Gun turret,,,Demand,Gun_turret -> ;
Laser turret,Laser turret,,,Demand,Laser_turret -> ;
Rocket Silo,Rocket Silo,,,Demand,Rocket_Silo -> ;
Burner Mining Drill,Burner Mining Drill,,,Demand,Burner_Mining_Drill -> ;
Electric Mining Drill,Electric Mining Drill,,,Demand,Electric_Mining_Drill -> ;
Stone Furnace,Stone Furnace,,,Demand,Stone_Furnace -> ;
Steel Furnace,Steel Furnace,,,Demand,Steel_Furnace -> ;
Electric Furnace,Electric Furnace,,,Demand,Electric_Furnace -> ;
Assembling machines,ERR,,,Demand,Assembling_machines -> ;
Lab,Lab,,,Demand,Lab -> ;
Basic Beacon,Basic Beacon,,,Demand,Basic_Beacon -> ;
Radar,Radar,,,Demand,Radar -> ;
Small electric pole,Small electric pole,,,Demand,Small_electric_pole -> ;
Medium electric pole,Medium electric pole,,,Demand,Medium_electric_pole -> ;
Big electric pole,Big electric pole,,,Demand,Big_electric_pole -> ;
Substation,Substation,,,Demand,Substation -> ;
Boiler,Boiler,,,Demand,Boiler -> ;
Steam engine,Steam engine,,,Demand,Steam_engine -> ;
Solar Panel,Solar Panel,,,Demand,Solar_Panel -> ;
Basic accumulator,Basic accumulator,,,Demand,Basic_accumulator -> ;
Lamp,Lamp,,,Demand,Lamp -> ;
Straight Rail,Straight Rail,,,Demand,Straight_Rail -> ;
Curved Rail,Curved Rail,,,Demand,Curved_Rail -> ;
Train stop,Train stop,,,Demand,Train_stop -> ;
Rail signal,Rail signal,,,Demand,Rail_signal -> ;
Rail chain signal,Rail chain signal,,,Demand,Rail_chain_signal -> ;
Diesel Locomotive,Diesel Locomotive,,,Demand,Diesel_Locomotive -> ;
Cargo wagon,Cargo wagon,,,Demand,Cargo_wagon -> ;
Pipe,Pipe,,,Demand,Pipe -> ;
Pipe-to-ground,Pipe-to-ground,,,Demand,Pipe-to-ground -> ;
Offshore Pump,Offshore Pump,,,Demand,Offshore_Pump -> ;
Storage Tank,Storage Tank,,,Demand,Storage_Tank -> ;
Oil Refinery,Oil Refinery,,,Demand,Oil_Refinery -> ;
Chemical Plant,Chemical Plant,,,Demand,Chemical_Plant -> ;
Pumpjack,Pumpjack,,,Demand,Pumpjack -> ;
Small Pump,Small Pump,,,Demand,Small_Pump -> ;
Low density structure,Low density structure,,,Demand,Low_density_structure -> ;
Rocket fuel,Rocket fuel,,,Demand,Rocket_fuel -> ;
Rocket part,Rocket part,,,Demand,Rocket_part -> ;
Rocket control unit,Rocket control unit,,,Demand,Rocket_control_unit -> ;
Satellite,Satellite,,,Demand,Satellite -> ;
,ERR,Raw wood,,Demand, -> Raw_wood;
,ERR,Coal,,Demand, -> Coal;
,ERR,Iron ore,,Demand, -> Iron_ore;
,ERR,Copper ore,,Demand, -> Copper_ore;
,ERR,Stone,,Demand, -> Stone;
,ERR,Raw fish,,Demand, -> Raw_fish;
,ERR,Alien artifact,,Demand, -> Alien_artifact;
,ERR,Water,,Demand, -> Water;
,ERR,Crude Oil,,Demand, -> Crude_Oil;
,ERR,Wood,,Demand, -> Wood;
,ERR,Iron plate,,Demand, -> Iron_plate;
,ERR,Copper plate,,Demand, -> Copper_plate;
,ERR,Steel plate,,Demand, -> Steel_plate;
,ERR,Stone brick,,Demand, -> Stone_brick;
,ERR,Concrete,,Demand, -> Concrete;
,ERR,Sulfur,,Demand, -> Sulfur;
,ERR,Plastic bar,,Demand, -> Plastic_bar;
,ERR,Battery,,Demand, -> Battery;
,ERR,Iron stick,,Demand, -> Iron_stick;
,ERR,Iron gear wheel,,Demand, -> Iron_gear_wheel;
,ERR,Copper cable,,Demand, -> Copper_cable;
,ERR,Electronic circuit,,Demand, -> Electronic_circuit;
,ERR,Advanced circuit,,Demand, -> Advanced_circuit;
,ERR,Processing Unit,,Demand, -> Processing_Unit;
,ERR,Engine unit,,Demand, -> Engine_unit;
,ERR,Electric engine unit,,Demand, -> Electric_engine_unit;
,ERR,Flying robot frame,,Demand, -> Flying_robot_frame;
,ERR,Science pack 1,,Demand, -> Science_pack_1;
,ERR,Science pack 2,,Demand, -> Science_pack_2;
,ERR,Science pack 3,,Demand, -> Science_pack_3;
,ERR,Alien science pack,,Demand, -> Alien_science_pack;
,ERR,Empty barrel,,Demand, -> Empty_barrel;
,ERR,Explosives,,Demand, -> Explosives;
,ERR,Petroleum Gas,,Demand, -> Petroleum_Gas;
,ERR,Light Oil,,Demand, -> Light_Oil;
,ERR,Heavy Oil,,Demand, -> Heavy_Oil;
,ERR,Sulfuric Acid,,Demand, -> Sulfuric_Acid;
,ERR,Lubricant,,Demand, -> Lubricant;
,ERR,Iron Axe,,Demand, -> Iron_Axe;
,ERR,Steel Axe,,Demand, -> Steel_Axe;
,ERR,Pistol,,Demand, -> Pistol;
,ERR,Submachine gun,,Demand, -> Submachine_gun;
,ERR,Rocket launcher,,Demand, -> Rocket_launcher;
,ERR,Flamethrower,,Demand, -> Flamethrower;
,ERR,Land mine,,Demand, -> Land_mine;
,ERR,Shotgun,,Demand, -> Shotgun;
,ERR,Combat shotgun,,Demand, -> Combat_shotgun;
,ERR,Basic grenade,,Demand, -> Basic_grenade;
,ERR,Defender capsule,,Demand, -> Defender_capsule;
,ERR,Poison capsule,,Demand, -> Poison_capsule;
,ERR,Slowdown capsule,,Demand, -> Slowdown_capsule;
,ERR,Distractor capsule,,Demand, -> Distractor_capsule;
,ERR,Destroyer capsule,,Demand, -> Destroyer_capsule;
,ERR,Basic electric discharge defense remote,,Demand, -> Basic_electric_discharge_defense_remote;
,ERR,Tank,,Demand, -> Tank;
,ERR,Regular magazine,,Demand, -> Regular_magazine;
,ERR,Piercing rounds magazine,,Demand, -> Piercing_rounds_magazine;
,ERR,Shotgun shells,,Demand, -> Shotgun_shells;
,ERR,Piercing shotgun shells,,Demand, -> Piercing_shotgun_shells;
,ERR,Rocket,,Demand, -> Rocket;
,ERR,Explosive rocket,,Demand, -> Explosive_rocket;
,ERR,Flamethrower ammo,,Demand, -> Flamethrower_ammo;
,ERR,Cannon shells,,Demand, -> Cannon_shells;
,ERR,Explosive cannon shells,,Demand, -> Explosive_cannon_shells;
,ERR,Iron armor,,Demand, -> Iron_armor;
,ERR,Heavy armor,,Demand, -> Heavy_armor;
,ERR,Basic modular armor,,Demand, -> Basic_modular_armor;
,ERR,Power armor,,Demand, -> Power_armor;
,ERR,Power armor MK2,,Demand, -> Power_armor_MK2;
,ERR,Night vision,,Demand, -> Night_vision;
,ERR,Battery MK1,,Demand, -> Battery_MK1;
,ERR,Battery MK2,,Demand, -> Battery_MK2;
,ERR,Energy shield,,Demand, -> Energy_shield;
,ERR,Energy shield MK2,,Demand, -> Energy_shield_MK2;
,ERR,Portable solar panel,,Demand, -> Portable_solar_panel;
,ERR,Portable fusion reactor,,Demand, -> Portable_fusion_reactor;
,ERR,Personal laser defense,,Demand, -> Personal_laser_defense;
,ERR,Discharge defense,,Demand, -> Discharge_defense;
,ERR,Basic exoskeleton equipment,,Demand, -> Basic_exoskeleton_equipment;
,ERR,Efficiency module,,Demand, -> Efficiency_module;
,ERR,Productivity module,,Demand, -> Productivity_module;
,ERR,Speed module,,Demand, -> Speed_module;
,ERR,Efficiency module 2,,Demand, -> Efficiency_module_2;
,ERR,Productivity module 2,,Demand, -> Productivity_module_2;
,ERR,Speed module 2,,Demand, -> Speed_module_2;
,ERR,Efficiency module 3,,Demand, -> Efficiency_module_3;
,ERR,Productivity module 3,,Demand, -> Productivity_module_3;
,ERR,Speed module 3,,Demand, -> Speed_module_3;
,ERR,Car,,Demand, -> Car;
,ERR,Red wire,,Demand, -> Red_wire;
,ERR,Green wire,,Demand, -> Green_wire;
,ERR,Logistic robot,,Demand, -> Logistic_robot;
,ERR,Construction robot,,Demand, -> Construction_robot;
,ERR,Roboport,,Demand, -> Roboport;
,ERR,Blueprint,,Demand, -> Blueprint;
,ERR,Deconstruction planner,,Demand, -> Deconstruction_planner;
,ERR,Basic transport belt,,Demand, -> Basic_transport_belt;
,ERR,Basic underground belt,,Demand, -> Basic_underground_belt;
,ERR,Basic splitter,,Demand, -> Basic_splitter;
,ERR,Fast transport belt,,Demand, -> Fast_transport_belt;
,ERR,Fast underground belt,,Demand, -> Fast_underground_belt;
,ERR,Fast splitter,,Demand, -> Fast_splitter;
,ERR,Express transport belt,,Demand, -> Express_transport_belt;
,ERR,Express underground belt,,Demand, -> Express_underground_belt;
,ERR,Express splitter,,Demand, -> Express_splitter;
,ERR,Burner inserter,,Demand, -> Burner_inserter;
,ERR,Inserter,,Demand, -> Inserter;
,ERR,Long handed inserter,,Demand, -> Long_handed_inserter;
,ERR,Fast inserter,,Demand, -> Fast_inserter;
,ERR,Smart inserter,,Demand, -> Smart_inserter;
,ERR,Wooden Chest,,Demand, -> Wooden_Chest;
,ERR,Iron Chest,,Demand, -> Iron_Chest;
,ERR,Steel Chest,,Demand, -> Steel_Chest;
,ERR,Smart Chest,,Demand, -> Smart_Chest;
,ERR,Active Provider Chest,,Demand, -> Active_Provider_Chest;
,ERR,Passive Provider Chest,,Demand, -> Passive_Provider_Chest;
,ERR,Storage Chest,,Demand, -> Storage_Chest;
,ERR,Requester Chest,,Demand, -> Requester_Chest;
,ERR,Wall,,Demand, -> Wall;
,ERR,Gun turret,,Demand, -> Gun_turret;
,ERR,Laser turret,,Demand, -> Laser_turret;
,ERR,Rocket Silo,,Demand, -> Rocket_Silo;
,ERR,Burner Mining Drill,,Demand, -> Burner_Mining_Drill;
,ERR,Electric Mining Drill,,Demand, -> Electric_Mining_Drill;
,ERR,Stone Furnace,,Demand, -> Stone_Furnace;
,ERR,Steel Furnace,,Demand, -> Steel_Furnace;
,ERR,Electric Furnace,,Demand, -> Electric_Furnace;
,ERR,Assembling machine 1,,Demand, -> Assembling_machine_1;
,ERR,Assembling machine 2,,Demand, -> Assembling_machine_2;
,ERR,Assembling machine 3,,Demand, -> Assembling_machine_3;
,ERR,Lab,,Demand, -> Lab;
,ERR,Basic Beacon,,Demand, -> Basic_Beacon;
,ERR,Radar,,Demand, -> Radar;
,ERR,Small electric pole,,Demand, -> Small_electric_pole;
,ERR,Medium electric pole,,Demand, -> Medium_electric_pole;
,ERR,Big electric pole,,Demand, -> Big_electric_pole;
,ERR,Substation,,Demand, -> Substation;
,ERR,Boiler,,Demand, -> Boiler;
,ERR,Steam engine,,Demand, -> Steam_engine;
,ERR,Solar Panel,,Demand, -> Solar_Panel;
,ERR,Basic accumulator,,Demand, -> Basic_accumulator;
,ERR,Lamp,,Demand, -> Lamp;
,ERR,Straight Rail,,Demand, -> Straight_Rail;
,ERR,Curved Rail,,Demand, -> Curved_Rail;
,ERR,Train stop,,Demand, -> Train_stop;
,ERR,Rail signal,,Demand, -> Rail_signal;
,ERR,Rail chain signal,,Demand, -> Rail_chain_signal;
,ERR,Diesel Locomotive,,Demand, -> Diesel_Locomotive;
,ERR,Cargo wagon,,Demand, -> Cargo_wagon;
,ERR,Pipe,,Demand, -> Pipe;
,ERR,Pipe-to-ground,,Demand, -> Pipe-to-ground;
,ERR,Offshore Pump,,Demand, -> Offshore_Pump;
,ERR,Storage Tank,,Demand, -> Storage_Tank;
,ERR,Oil Refinery,,Demand, -> Oil_Refinery;
,ERR,Chemical Plant,,Demand, -> Chemical_Plant;
,ERR,Pumpjack,,Demand, -> Pumpjack;
,ERR,Small Pump,,Demand, -> Small_Pump;
,ERR,Low density structure,,Demand, -> Low_density_structure;
,ERR,Rocket fuel,,Demand, -> Rocket_fuel;
,ERR,Rocket part,,Demand, -> Rocket_part;
,ERR,Rocket control unit,,Demand, -> Rocket_control_unit;
,ERR,Satellite,,Demand, -> Satellite;